1|The Woman in Black 2: Angel of Death|02|Jan|2015|tt2339741
2|Taken 3|09|Jan|2015|tt2446042
3|Let's Kill Ward's Wife|23|Dec|2014|tt2980708
4|Little Accidents|12|May|2016|tt3125220
5|Paddington|16|Jan|2015|tt1109624
6|Spare Parts|05|Jun|2015|tt3233418
7|The Wedding Ringer|16|Jan|2015|tt0884732
8|Miami Vice|28|Jul|2006|tt0430357
9|Layer Cake|03|Jun|2005|tt0375912
10|The Humbling|23|Jan|2015|tt1568343
11|Mortdecai|23|Jan|2015|tt3045616
12|Song One|22|Jan|2015|tt2182972
13|Strange Magic|23|Jan|2015|tt4191054
14|We'll Never Have Paris|22|Jan|2015|tt3079016
15|The Loft|30|Jan|2015|tt1850397
16|Project Almanac|30|Jan|2015|tt2436386
17|Wild Card|14|Jan|2015|tt2231253
18|Enter the Dangerous Mind|06|Feb|2015|tt2229377
19|Jupiter Ascending|06|Feb|2015|tt1617661
20|Love, Rosie|22|Oct|2014|tt1638002
21|Seventh Son|06|Feb|2015|tt1121096
22|The SpongeBob Movie: Sponge Out of Water|06|Feb|2015|tt2279373
23|The Voices|06|Feb|2015|tt1567437
24|Fifty Shades of Grey|13|Feb|2015|tt2322441
25|Kingsman: The Secret Service|13|Feb|2015|tt2802144
26|Hot Tub Time Machine 2|20|Feb|2015|tt2637294
27|McFarland, USA|20|Feb|2015|tt2097298
28|Focus|27|Feb|2015|tt2381941
29|The Lazarus Effect|27|Feb|2015|tt2918436
30|Maps to the Stars|27|Feb|2015|tt2172584
31|Out of the Dark|10|Apr|2015|tt2872724
32|Chappie|06|Mar|2015|tt1823672
33|Road Hard|06|Mar|2015|tt3110770
34|The Second Best Exotic Marigold Hotel|06|Mar|2015|tt2555736
35|Unfinished Business|06|Mar|2015|tt2358925
36|The Cobbler|13|Mar|2015|tt3203616
37|Cymbeline|13|Mar|2015|tt3093522
38|Home Sweet Hell|03|Feb|2015|tt2802136
39|It Follows|27|Mar|2015|tt3235888
40|Muck|17|Feb|2016|tt2207484
41|Run All Night|13|Mar|2015|tt2199571
42|The Divergent Series: Insurgent - Shatter Reality|10|Mar|2015|tt4516496
43|Do You Believe?|20|Mar|2015|tt4056738
44|The Gunman|20|Mar|2015|tt2515034
45|Tracers|20|Mar|2015|tt2401097
46|The Walking Deceased|20|Mar|2015|tt3499458
47|Get Hard|27|Mar|2015|tt2561572
48|Home Alone|16|Nov|1990|tt0099785
49|Serena|26|Feb|2015|tt1247690
50|While We're Young|17|Apr|2015|tt1791682
51|Woman in Gold|10|Apr|2015|tt2404425
52|Ex Machina|24|Apr|2015|tt0470752
53|The Longest Ride|10|Apr|2015|tt2726560
54|Lost River|10|Apr|2015|tt2366608
55|Camille Claudel 1915|13|Mar|2013|tt2018086
56|Alex of Venice|17|Apr|2015|tt2977090
57|Beyond the Reach|17|Apr|2015|tt2911668
58|Child 44|17|Apr|2015|tt1014763
59|Monkey Kingdom|17|Apr|2015|tt3660770
60|Paul Blart: Mall Cop 2|17|Apr|2015|tt3450650
61|The Road Within|04|Jun|2015|tt2962876
62|True Story|17|Apr|2015|tt2273657
63|Unfriended|17|Apr|2015|tt3713166
64|Adult Beginners|24|Apr|2015|tt3318750
65|Blackbird|12|Jun|2013|tt2077721
66|Brotherly Love|24|Apr|2015|tt3262990
67|Just Before I Go|24|Apr|2015|tt2980472
68|Little Boy|24|Apr|2015|tt1810683
69|The Age of Adaline|24|Apr|2015|tt1655441
70|Far from the Madding Crowd|22|May|2015|tt2935476
71|The D Train|08|May|2015|tt3534602
72|Hot Pursuit|08|May|2015|tt2967224
73|Maggie|08|May|2015|tt1881002
74|Mad Max: Fury Road|15|May|2015|tt1392190
75|Pitch Perfect 2|15|May|2015|tt2848292
76|Poltergeist|04|Jun|1982|tt0084516
77|Tomorrowland|22|May|2015|tt1964418
78|When Marnie Was There|19|Jul|2014|tt3398268
79|Aloha|29|May|2015|tt1243974
80|San Andreas|29|May|2015|tt2126355
81|Entourage|18|Jul|2004|tt0387199
82|Insidious: Chapter 3|05|Jun|2015|tt3195644
83|Love|30|Oct|2015|tt3774694
84|Jurassic World|12|Jun|2015|tt0369610
85|Me and Earl and the Dying Girl|01|Jul|2015|tt2582496
86|Dope|19|Jun|2015|tt3850214
87|Inside Out|19|Jun|2015|tt2096673
88|Mad Max: Fury Road|15|May|2015|tt1392190
89|Ted 2|26|Jun|2015|tt2637276
90|Trainwreck|17|Jul|2015|tt3152624
91|The Vatican Tapes|22|Jul|2015|tt1524575
92|Everest|25|Sep|2015|tt2719848
93|Victor Frankenstein|25|Nov|2015|tt1976009
94|Daddy's Home|25|Dec|2015|tt1528854
95|Joy|25|Dec|2015|tt2446980
96|Point Break|12|Jul|1991|tt0102685
97|The Revenant|08|Jan|2016|tt1663202
98|Snowden|16|Sep|2016|tt3774114
99|Paranormal Activity: The Marked Ones|03|Jan|2014|tt2473682
100|Open Grave|03|Jan|2014|tt2071550
101|Cold Comes the Night|10|Jan|2014|tt2511428
102|Dumbbells|10|Jan|2014|tt1978428
103|The Legend of Hercules|10|Jan|2014|tt1043726
104|Raze|16|Jan|2014|tt2111392
105|Back in the Day|17|Jan|2014|tt2246887
106|Devil's Due|17|Jan|2014|tt2752758
107|Jack Ryan: Shadow Recruit|17|Jan|2014|tt1205537
108|Jamesy Boy|03|Jan|2014|tt1673734
109|The Nut Job|17|Jan|2014|tt1821658
110|Ride Along|17|Jan|2014|tt1408253
111|The Black Water Vampire|21|Jan|2014|tt2853182
112|I, Frankenstein|24|Jan|2014|tt1418377
113|Labor Day|31|Jan|2014|tt1967545
114|That Awkward Moment|31|Jan|2014|tt1800246
115|Somewhere Slow|02|Mar|2013|tt1928338
116|Android Cop|29|Oct|2015|tt3393070
117|The Monuments Men|07|Feb|2014|tt2177771
118|The Outsider|11|Mar|2014|tt2198241
119|Scorned|04|Feb|2014|tt2293750
120|After the Dark|10|Oct|2013|tt1928340
121|Nurse 3D|24|Oct|2013|tt1913166
122|The Pretty One|07|Feb|2014|tt2140577
123|Vampire Academy|07|Feb|2014|tt1686821
124|About Last Night|14|Feb|2014|tt1826590
125|Adult World|14|Feb|2014|tt1067765
126|Camp Takota|14|Feb|2014|tt3097084
127|Date and Switch|14|Feb|2014|tt1878942
128|Endless Love|14|Feb|2014|tt2318092
129|RoboCop|12|Feb|2014|tt1234721
130|Someone Marry Barry|09|Sep|2014|tt1978532
131|Apocalypse Pompeii|08|Jan|2016|tt3384904
132|3 Days to Kill|21|Feb|2014|tt2172934
133|Angels in Stardust|21|Feb|2014|tt1640483
134|Barefoot|04|Sep|2014|tt2355495
135|Holy Ghost People|10|Mar|2013|tt2298224
136|The Bag Man|20|Mar|2014|tt2212008
137|Non-Stop|28|Feb|2014|tt2024469
138|Repentance|01|Mar|1987|tt0093754
139|Son of God|28|Feb|2014|tt3210686
140|300: Rise of an Empire|07|Mar|2014|tt1253863
141|Mr. Peabody & Sherman|07|Mar|2014|tt0864835
142|Better Living Through Chemistry|14|Mar|2014|tt1609479
143|Need for Speed|14|Mar|2014|tt2369135
144|The Single Moms Club|14|Mar|2014|tt2465140
145|Veronica Mars|22|Sep|2004|tt0412253
146|Divergent|21|Mar|2014|tt1840309
147|God's Not Dead|21|Mar|2014|tt2528814
148|Muppets Most Wanted|21|Mar|2014|tt2281587
149|50 to 1|21|Mar|2014|tt1777595
150|Noah|28|Mar|2014|tt1959490
151|Sabotage|28|Mar|2014|tt1742334
152|The Ladies of the House|01|May|2015|tt2397573
153|Alien Abduction|01|May|2014|tt2510434
154|Captain America: The Winter Soldier|04|Apr|2014|tt1843866
155|In the Blood|18|Apr|2014|tt2101570
156|Jinn|14|Apr|2014|tt1562899
157|Draft Day|11|Apr|2014|tt2223990
158|Oculus|11|Apr|2014|tt2388715
159|Rio 2|11|Apr|2014|tt2357291
160|Asian School Girls|15|Apr|2014|tt3421270
161|Heaven Is for Real|16|Apr|2014|tt1929263
162|Authors Anonymous|18|Mar|2014|tt2114461
163|A Haunted House 2|18|Apr|2014|tt2828996
164|Kid Cannabis|18|Apr|2014|tt0780548
165|Transcendence|18|Apr|2014|tt2209764
166|13 Sins|11|Apr|2014|tt2059171
167|Brick Mansions|25|Apr|2014|tt1430612
168|The Other Woman|25|Apr|2014|tt2203939
169|Walking with the Enemy|15|Apr|2014|tt1515208
170|The Amazing Spider-Man 2|02|May|2014|tt1872181
171|Bad Johnson|02|May|2014|tt2091325
172|Decoding Annie Parker|02|May|2014|tt1464191
173|Walk of Shame|01|May|2014|tt2463288
174|Devil's Knot|12|Mar|2014|tt0804463
175|God's Pocket|08|Aug|2014|tt2920808
176|Neighbors|09|May|2014|tt2004420
177|Stage Fright|15|Apr|1950|tt0042994
178|Godzilla|16|May|2014|tt0831387
179|Million Dollar Arm|16|May|2014|tt1647668
180|The Angriest Man in Brooklyn|23|May|2014|tt1294970
181|Blended|23|May|2014|tt1086772
182|Cold in July|31|Dec|2014|tt1179031
183|X-Men: Days of Future Past|23|May|2014|tt1877832
184|Maleficent|30|May|2014|tt1587310
185|A Million Ways to Die in the West|30|May|2014|tt2557490
186|Edge of Tomorrow|06|Jun|2014|tt1631867
187|The Fault in Our Stars|06|Jun|2014|tt2582846
188|Ping Pong Summer|06|Jun|2014|tt2402985
189|22 Jump Street|13|Jun|2014|tt2294449
190|Hellion|13|Jun|2014|tt3186318
191|How to Train Your Dragon 2|13|Jun|2014|tt1646971
192|Lullaby|13|Jun|2014|tt2210781
193|Murder 101|20|Mar|1991|tt0102482
194|Obvious Child|29|Aug|2014|tt2910274
195|The Signal|10|Jul|2014|tt2910814
196|Jersey Boys|20|Jun|2014|tt1742044
197|Think Like a Man Too|20|Jun|2014|tt2239832
198|The Rebound|16|Sep|2009|tt1205535
199|America: Imagine the World Without Her|02|Jul|2014|tt2785390
200|They Came Together|05|Sep|2014|tt2398249
201|Transformers: Age of Extinction|27|Jun|2014|tt2109248
202|Deliver Us from Evil|02|Jul|2014|tt2377322
203|Earth to Echo|02|Jul|2014|tt2183034
204|School Dance|02|Jul|2014|tt2179936
205|Tammy|02|Jul|2014|tt2103254
206|The Ladies of the House|01|May|2015|tt2397573
207|Boyhood|15|Aug|2014|tt1065073
208|Dawn of the Planet of the Apes|11|Jul|2014|tt2103281
209|Rage|09|May|2014|tt2401807
210|Road to Paloma|11|Jul|2014|tt2386285
211|I Origins|19|Sep|2014|tt2884206
212|Persecuted|18|Jul|2014|tt1761005
213|Planes: Fire & Rescue|18|Jul|2014|tt2980706
214|The Purge: Anarchy|18|Jul|2014|tt2975578
215|Sex Tape|18|Jul|2014|tt1956620
216|Tiger Orange|01|Jul|2014|tt2866824
217|Wish I Was Here|25|Jul|2014|tt2870708
218|And So It Goes|25|Jul|2014|tt2465146
219|Happy Christmas|26|Jun|2014|tt2955096
220|Hercules|27|Jun|1997|tt0119282
221|Magic in the Moonlight|15|Aug|2014|tt2870756
222|My Man Is a Loser|25|Jul|2014|tt2166934
223|Get on Up|01|Aug|2014|tt2473602
224|Guardians of the Galaxy|01|Aug|2014|tt2015381
225|Mercenaries|05|Aug|2014|tt3598222
226|4 Minute Mile|01|Aug|2014|tt2217895
227|The Hundred-Foot Journey|08|Aug|2014|tt2980648
228|Into the Storm|08|Aug|2014|tt2106361
229|Step Up All In|08|Aug|2014|tt2626350
230|Let's Be Cops|13|Aug|2014|tt1924435
231|The Expendables 3|15|Aug|2014|tt2333784
232|The Giver|15|Aug|2014|tt0435651
233|Life After Beth|15|Jul|2014|tt2581244
234|The One I Love|08|Aug|2014|tt2756032
235|If I Stay|22|Aug|2014|tt1355630
236|Leprechaun: Origins|22|Aug|2014|tt2345613
237|Love Is Strange|18|Dec|2014|tt2639344
238|The Prince of Egypt|18|Dec|1998|tt0120794
239|Sin City: A Dame to Kill For|22|Aug|2014|tt0458481
240|As Above, So Below|29|Aug|2014|tt2870612
241|Dolphin Tale 2|12|Sep|2014|tt2978462
242|Honeymoon|12|Sep|2014|tt3177316
243|No Good Deed|12|Sep|2014|tt2011159
244|The Guest|05|Sep|2014|tt2980592
245|A Walk Among the Tombstones|19|Sep|2014|tt0365907
246|The Maze Runner|19|Sep|2014|tt1790864
247|The Scribbler|06|Nov|2014|tt2396721
248|The Skeleton Twins|11|Sep|2014|tt1571249
249|This Is Where I Leave You|19|Sep|2014|tt1371150
250|Tusk|19|Sep|2014|tt3099498
251|The Boxtrolls|26|Sep|2014|tt0787474
252|The Equalizer|26|Sep|2014|tt0455944
253|The Song of Sparrows|01|Oct|2008|tt0997246
254|The Two Faces of January|28|Aug|2014|tt1976000
255|Annabelle|03|Oct|2014|tt3322940
256|Gone Girl|03|Oct|2014|tt2267998
257|The Good Lie|14|Nov|2014|tt2652092
258|Left Behind|03|Oct|2014|tt2467046
259|Addicted to Love|23|May|1997|tt0118556
260|Alexander and the Terrible, Horrible, No Good, Very Bad Day|10|Oct|2014|tt1698641
261|Dracula Untold|10|Oct|2014|tt0829150
262|The Judge|10|Oct|2014|tt1872194
263|Whiplash|15|Oct|2014|tt2582802
264|You're Not You|26|Nov|2014|tt1198156
265|The Book of Life|17|Oct|2014|tt2262227
266|Camp X-Ray|17|Oct|2014|tt2994190
267|The Czar of Black Hollywood|24|Dec|2014|tt3501904
268|Dear White People|04|Dec|2014|tt2235108
269|Mad Max: Fury Road|15|May|2015|tt1392190
270|Listen Up Philip|21|Oct|2014|tt3093546
271|Nightcrawler|31|Oct|2014|tt2872718
272|Pernicious|20|Feb|2015|tt2187444
273|The Young Ones|09|Nov|1982|tt0083505
274|Laggies|24|Oct|2014|tt2034031
275|Ouija|24|Oct|2014|tt1204977
276|Interstellar|07|Nov|2014|tt0816692
277|A Merry Friggin' Christmas|22|Nov|2014|tt0910885
278|The Better Angels|07|Nov|2014|tt2316868
279|Big Hero 6|07|Nov|2014|tt2245084
280|Elsa|01|May|1982|tt0263312
281|Jessabelle|07|Nov|2014|tt2300975
282|The Peripheral|15|Nov|2014|tt4229750
283|Beside Still Waters|14|Nov|2014|tt2184398
284|Beyond the Lights|14|Nov|2014|tt3125324
285|Dumb and Dumber To|14|Nov|2014|tt2096672
286|Foxcatcher|16|Jan|2015|tt1100089
287|The Homesman|18|May|2014|tt2398231
288|Saving Christmas|14|Nov|2014|tt4009460
289|The Witching Hour|N/A|tt0181904
290|The Hunger Games: Mockingjay - Part 1|21|Nov|2014|tt1951265
291|Horrible Bosses 2|26|Nov|2014|tt2170439
292|Penguins of Madagascar|26|Nov|2014|tt1911658
293|Night of the Comet|16|Nov|1984|tt0087799
294|Into the Wild|19|Oct|2007|tt0758758
295|Exodus: Gods and Kings|12|Dec|2014|tt1528100
296|Inherent Vice|09|Jan|2015|tt1791528
297|The Color of Time|09|Dec|2014|tt2133333
298|Top Five|12|Dec|2014|tt2784678
299|Goodbye to All That|17|Dec|2014|tt2437548
300|Annie Hall|20|Apr|1977|tt0075686
301|Night at the Museum: Secret of the Tomb - Fight at the Museum|10|Mar|2015|tt5954018
302|Big Eyes|25|Dec|2014|tt1126590
303|The Interview|24|Dec|2014|tt2788710
304|Into the Woods|25|Dec|2014|tt2180411
305|Unbroken|25|Dec|2014|tt1809398
